<?xml version="1.0" encoding="UTF-8"?>
<!DOCTYPE mapper PUBLIC "-//mybatis.org//DTD Mapper 3.0//EN" "http://mybatis.org/dtd/mybatis-3-mapper.dtd">
<mapper namespace="MembershipcardMapper">
	
	
	<!-- 新增-->
	<insert id="save" parameterType="pd">
		insert into "TB_MEMBERSHIPCARD"(
			"DISCOUNT",	
			"GOSTARTTIME",	
			"GOENDTIME",	
			"USESTARTTIME",	
			"USEENDTIME",	
			"NUMBER",	
			"CREATETIME",	
			"MEMBERSHIPCARD_ID"
		) values (
			#{DISCOUNT},	
			#{GOSTARTTIME},	
			#{GOENDTIME},	
			#{USESTARTTIME},	
			#{USEENDTIME},	
			#{NUMBER},	
			#{CREATETIME},	
			#{MEMBERSHIPCARD_ID}
		)
	</insert>
	
	
	<!-- 删除-->
	<delete id="delete" parameterType="pd">
		delete from "TB_MEMBERSHIPCARD"
		where 
			"MEMBERSHIPCARD_ID" = #{MEMBERSHIPCARD_ID}
	</delete>
	
	
	<!-- 修改 -->
	<update id="edit" parameterType="pd">
		update  "TB_MEMBERSHIPCARD"
			set 
				"DISCOUNT" = #{DISCOUNT},	
				"GOSTARTTIME" = #{GOSTARTTIME},	
				"GOENDTIME" = #{GOENDTIME},	
				"USESTARTTIME" = #{USESTARTTIME},	
				"USEENDTIME" = #{USEENDTIME},	
				"NUMBER" = #{NUMBER},	
				"CREATETIME" = #{CREATETIME},	
			"MEMBERSHIPCARD_ID" = "MEMBERSHIPCARD_ID"
			where 
				"MEMBERSHIPCARD_ID" = #{MEMBERSHIPCARD_ID}
	</update>
	
	
	<!-- 通过ID获取数据 -->
	<select id="findById" parameterType="pd" resultType="pd">
		select 
			"DISCOUNT",	
			"GOSTARTTIME",	
			"GOENDTIME",	
			"USESTARTTIME",	
			"USEENDTIME",	
			"NUMBER",	
			"CREATETIME",	
			"MEMBERSHIPCARD_ID"
		from 
			"TB_MEMBERSHIPCARD"
		where 
			"MEMBERSHIPCARD_ID" = #{MEMBERSHIPCARD_ID}
	</select>
	
	
	<!-- 列表 -->
	<select id="datalistPage" parameterType="page" resultType="pd">
		select
				a."DISCOUNT",	
				a."GOSTARTTIME",	
				a."GOENDTIME",	
				a."USESTARTTIME",	
				a."USEENDTIME",	
				a."NUMBER",	
				a."CREATETIME",	
				a."MEMBERSHIPCARD_ID"
		from 
				"TB_MEMBERSHIPCARD" a
	</select>
	
	<!-- 列表(全部) -->
	<select id="listAll" parameterType="pd" resultType="pd">
		select
				a."DISCOUNT",	
				a."GOSTARTTIME",	
				a."GOENDTIME",	
				a."USESTARTTIME",	
				a."USEENDTIME",	
				a."NUMBER",	
				a."CREATETIME",	
				a."MEMBERSHIPCARD_ID"
		from 
				"TB_MEMBERSHIPCARD" a
	</select>
	
	<!-- 批量删除 -->
	<delete id="deleteAll" parameterType="String">
		delete from "TB_MEMBERSHIPCARD"
		where 
			"MEMBERSHIPCARD_ID" in
		<foreach item="item" index="index" collection="array" open="(" separator="," close=")">
                 #{item}
		</foreach>
	</delete>
	
</mapper>